<?xml version="1.0"?>
<probes>
  <!-- newer model is lower frequency, slightly different parameters
  <probe id="0" name="4DC6-3/40" type="0" enabled="1" manuf="Prosonic">
    <geom>      
      <elements>128</elements>
      <pitch>405</pitch>
      <radius>38410</radius>
      <apex-offset>0.000000</apex-offset>
      <pin-offset>0</pin-offset>
    </geom>
    <freq>
      <center>4500000</center>
      <bandwidth>3000000</bandwidth>
    </freq>
    <limits>
      <min-line-duration>120</min-line-duration>
      <max-focus-dist>300000</max-focus-dist>
      <max-steer-angle>15000</max-steer-angle>
      <min-focus-dist-doppler>80000</min-focus-dist-doppler>
    </limits>
    <motor>
      <fov>76730</fov>
      <radius>38710</radius>
      <steps>200</steps>
      <home>1</home>
      <tbp>30000</tbp>
    </motor> 
  </probe>
  -->
  <probe id="0" name="4DC7-4/40" type="0" enabled="1" manuf="Prosonic">
    <geom>      
      <elements>128</elements>
      <pitch>334</pitch>
      <radius>38910</radius>
      <apex-offset>0.000000</apex-offset>
      <pin-offset>0</pin-offset>
    </geom>
    <freq>
      <center>5000000</center>
      <bandwidth>3000000</bandwidth>
    </freq>
    <limits>
      <min-line-duration>120</min-line-duration>
      <max-focus-dist>300000</max-focus-dist>
      <max-steer-angle>15000</max-steer-angle>
      <min-focus-dist-doppler>80000</min-focus-dist-doppler>
    </limits>
    <motor>
      <fov>62600</fov>
      <radius>38710</radius>
      <steps>500</steps>
      <home>1</home>
      <tbp>30000</tbp>
    </motor> 
  </probe>
  <probe id="2" name="L14-5/38" type="2" enabled="1" manuf="Prosonic">
    <geom>
      <elements>128</elements>
      <pitch>300</pitch>
      <radius>0</radius>
      <apex-offset>0.000000</apex-offset>
      <pin-offset>0</pin-offset>
    </geom>
    <freq>
      <center>9500000</center>
      <bandwidth>9000000</bandwidth>
    </freq>
    <limits>
      <min-line-duration>70</min-line-duration>
      <max-focus-dist>100000</max-focus-dist>
      <max-steer-angle>15000</max-steer-angle>
      <min-focus-dist-doppler>40000</min-focus-dist-doppler>
    </limits>
    <biopsy>
      <angle>30500</angle>
      <depth>18000</depth>
      <distance>52000</distance>
      <width>3430</width>
    </biopsy>  
    <lens>
      <speed-of-sound>973</speed-of-sound>
      <thickness>740</thickness>
    </lens>
    <matching-layer>
      <speed-of-sound-1>2367</speed-of-sound-1>
      <speed-of-sound-2>2404</speed-of-sound-2>
      <speed-of-sound-3>0</speed-of-sound-3>
      <thickness-1>60</thickness-1>
      <thickness-2>65</thickness-2>
      <thickness-3>0</thickness-3>
    </matching-layer>
  </probe>
  <probe id="3" name="HST15-8" type="2" enabled="1" manuf="Vermon">
    <geom>
      <elements>128</elements>
      <pitch>200</pitch>
      <radius>0</radius>
      <apex-offset>0.000000</apex-offset>
      <pin-offset>0</pin-offset>
    </geom>
    <freq>
      <center>12000000</center>
      <bandwidth>6000000</bandwidth>
    </freq>
    <limits>
      <min-line-duration>70</min-line-duration>
      <max-focus-dist>100000</max-focus-dist>
      <max-steer-angle>15000</max-steer-angle>
      <min-focus-dist-doppler>40000</min-focus-dist-doppler>
    </limits>
  </probe>
  <probe id="5" name="C5-2/60" type="0" enabled="1" manuf="Prosonic">
    <geom>
      <elements>128</elements>
      <pitch>500</pitch>
      <radius>60000</radius>
      <apex-offset>0.000000</apex-offset>
      <pin-offset>0</pin-offset>
    </geom>
    <freq>
      <center>3500000</center>
      <bandwidth>3000000</bandwidth>
    </freq>
    <limits>
      <min-line-duration>120</min-line-duration>
      <max-focus-dist>300000</max-focus-dist>
      <max-steer-angle>15000</max-steer-angle>
      <min-focus-dist-doppler>80000</min-focus-dist-doppler>
    </limits>
    <biopsy>
      <angle>24000</angle>
      <depth>13000</depth>
      <distance>45000</distance>
      <width>12740</width>
    </biopsy> 
    <lens>
      <speed-of-sound>973</speed-of-sound>
      <thickness>884</thickness>
    </lens>
    <matching-layer>
      <speed-of-sound-1>2466</speed-of-sound-1>
      <speed-of-sound-2>2404</speed-of-sound-2>
      <speed-of-sound-3>0</speed-of-sound-3>
      <thickness-1>180</thickness-1>
      <thickness-2>160</thickness-2>
      <thickness-3>0</thickness-3>
    </matching-layer>
  </probe>
  <probe id="6" name="C5-2/40" type="0" enabled="1" manuf="PDI">
    <geom>
      <elements>128</elements>
      <pitch>465</pitch>
      <radius>40000</radius>
      <apex-offset>0.000000</apex-offset>
      <pin-offset>0</pin-offset>
    </geom>
    <freq>
      <center>3500000</center>
      <bandwidth>3000000</bandwidth>
    </freq>
    <limits>
      <min-line-duration>120</min-line-duration>
      <max-focus-dist>300000</max-focus-dist>
      <max-steer-angle>15000</max-steer-angle>
      <min-focus-dist-doppler>80000</min-focus-dist-doppler>
    </limits>
    <biopsy>
      <angle>25000</angle>
      <depth>13000</depth>
      <distance>50000</distance>
      <width>7280</width>
    </biopsy> 
  </probe>
  <probe id="7" name="L14-5W/60" type="2" enabled="1" manuf="Prosonic">
    <geom>
      <elements>128</elements>
      <pitch>460</pitch>
      <radius>0</radius>
      <apex-offset>0.000000</apex-offset>
      <pin-offset>0</pin-offset>
    </geom>
    <freq>
      <center>9500000</center>
      <bandwidth>9000000</bandwidth>
    </freq>
    <limits>
      <min-line-duration>70</min-line-duration>
      <max-focus-dist>100000</max-focus-dist>
      <max-steer-angle>15000</max-steer-angle>
      <min-focus-dist-doppler>50000</min-focus-dist-doppler>
    </limits>
    <biopsy>
      <angle>48000</angle>
      <depth>6500</depth>
      <distance>38000</distance>
      <width>2875</width>
    </biopsy>   
    <lens>
      <speed-of-sound>973</speed-of-sound>
      <thickness>520</thickness>
    </lens>
    <matching-layer>
      <speed-of-sound-1>2367</speed-of-sound-1>
      <speed-of-sound-2>2404</speed-of-sound-2>
      <speed-of-sound-3>0</speed-of-sound-3>
      <thickness-1>60</thickness-1>
      <thickness-2>65</thickness-2>
      <thickness-3>0</thickness-3>
    </matching-layer>
  </probe>
  <probe id="8" name="EC9-5/10" type="0" enabled="1" manuf="Prosonic">
    <geom>
      <elements>128</elements>
      <pitch>205</pitch>
      <radius>10000</radius>
      <apex-offset>0.000000</apex-offset>
      <pin-offset>0</pin-offset>
    </geom>
    <freq>
      <center>7000000</center>
      <bandwidth>4000000</bandwidth>
    </freq>
    <limits>
      <min-line-duration>80</min-line-duration>
      <max-focus-dist>200000</max-focus-dist>
      <max-steer-angle>15000</max-steer-angle>
      <min-focus-dist-doppler>40000</min-focus-dist-doppler>
    </limits>
    <biopsy>
      <angle>11500</angle>
      <depth>2000</depth>
      <distance>140000</distance>
      <width>17190</width>
    </biopsy>  
    <lens>
      <speed-of-sound>953</speed-of-sound>
      <thickness>711</thickness>
    </lens>
    <matching-layer>
      <speed-of-sound-1>2160</speed-of-sound-1>
      <speed-of-sound-2>2235</speed-of-sound-2>
      <speed-of-sound-3>0</speed-of-sound-3>
      <thickness-1>91</thickness-1>
      <thickness-2>86</thickness-2>
      <thickness-3>0</thickness-3>
    </matching-layer>
  </probe>
  <probe id="9" name="PA3-2/18" type="2" enabled="1">
    <geom>
      <elements>64</elements>
      <pitch>280</pitch>
      <radius>0</radius>
      <apex-offset>30.000000</apex-offset>
      <pin-offset>0</pin-offset>
    </geom>
    <freq>
      <center>2000000</center>
      <bandwidth>2000000</bandwidth>
    </freq>
    <limits>
      <min-line-duration>120</min-line-duration>
      <max-focus-dist>300000</max-focus-dist>
      <max-steer-angle>60000</max-steer-angle>
      <min-focus-dist-doppler>80000</min-focus-dist-doppler>
    </limits>  
  </probe>
  <probe id="11" name="L9-4/38" type="2" enabled="1" manuf="Prosonic">
    <geom>
      <elements>128</elements>
      <pitch>300</pitch>
      <radius>0</radius>
      <apex-offset>0.000000</apex-offset>
      <pin-offset>0</pin-offset>
    </geom>
    <freq>
      <center>6500000</center>
      <bandwidth>5000000</bandwidth>
    </freq>
    <limits>
      <min-line-duration>70</min-line-duration>
      <max-focus-dist>100000</max-focus-dist>
      <max-steer-angle>25000</max-steer-angle>
      <min-focus-dist-doppler>40000</min-focus-dist-doppler>
    </limits>
    <biopsy>
      <angle>30500</angle>
      <depth>18000</depth>
      <distance>52000</distance>
      <width>4270</width>
    </biopsy>  
    <lens>
      <speed-of-sound>973</speed-of-sound>
      <thickness>740</thickness>
    </lens>
    <matching-layer>
      <speed-of-sound-1>2466</speed-of-sound-1>
      <speed-of-sound-2>2404</speed-of-sound-2>
      <speed-of-sound-3>0</speed-of-sound-3>
      <thickness-1>110</thickness-1>
      <thickness-2>90</thickness-2>
      <thickness-3>0</thickness-3>
    </matching-layer>
  </probe>
  <probe id="12" name="BPL9-5/55" type="2" enabled="1" manuf="Vermon">
    <geom>
      <elements>128</elements>
      <pitch>429</pitch>
      <radius>0</radius>
      <apex-offset>0.000000</apex-offset>
      <pin-offset>0</pin-offset>
    </geom>
    <freq>
      <center>6500000</center>
      <bandwidth>5000000</bandwidth>
    </freq>
    <limits>
      <min-line-duration>70</min-line-duration>
      <max-focus-dist>100000</max-focus-dist>
      <max-steer-angle>15000</max-steer-angle>
      <min-focus-dist-doppler>50000</min-focus-dist-doppler>
    </limits>   
  </probe>
  <probe id="13" name="BPC8-4/10" type="0" enabled="1">
    <geom>
      <elements>128</elements>
      <pitch>205</pitch>
      <radius>10000</radius>
      <apex-offset>0.000000</apex-offset>
      <pin-offset>0</pin-offset>
    </geom>
    <freq>
      <center>6000000</center>
      <bandwidth>4000000</bandwidth>
    </freq>
    <limits>
      <min-line-duration>80</min-line-duration>
      <max-focus-dist>200000</max-focus-dist>
      <max-steer-angle>15000</max-steer-angle>
      <min-focus-dist-doppler>40000</min-focus-dist-doppler>
    </limits>  
  </probe>
  <probe id="14" name="CBI/85" type="0" enabled="1" manuf="Orison">
    <geom>
      <elements>320</elements>
      <pitch>400</pitch>
      <radius>-85000</radius>
      <apex-offset>0.000000</apex-offset>
      <pin-offset>0</pin-offset>
    </geom>
    <freq>
      <center>8500000</center>
      <bandwidth>6000000</bandwidth>
    </freq>
    <limits>
      <min-line-duration>200</min-line-duration>
      <max-focus-dist>100000</max-focus-dist>
      <max-steer-angle>0</max-steer-angle>
      <min-focus-dist-doppler>40000</min-focus-dist-doppler>
    </limits>
	<muxwrap>
		<tx>128</tx>
		<rx>2</rx>
	</muxwrap>
  </probe>
  <probe id="16" name="4DC6-3/40" type="0" enabled="1" manuf="GE">
    <geom>
      <elements>128</elements>
      <pitch>400</pitch>
      <radius>40000</radius>
      <apex-offset>0.000000</apex-offset>
      <pin-offset>0</pin-offset>
    </geom>
    <freq>
      <center>4500000</center>
      <bandwidth>3000000</bandwidth>
    </freq>
    <limits>
      <min-line-duration>120</min-line-duration>
      <max-focus-dist>300000</max-focus-dist>
      <max-steer-angle>15000</max-steer-angle>
      <min-focus-dist-doppler>80000</min-focus-dist-doppler>
    </limits>   
    <motor>
      <fov>83000</fov>
      <radius>27400</radius>
      <steps>600</steps>
      <home>0</home>
      <tbp>24000</tbp>
    </motor>  
  </probe>
  <probe id="17" name="C9-5/10" type="0" enabled="1">
    <geom>
      <elements>128</elements>
      <pitch>205</pitch>
      <radius>10000</radius>
      <apex-offset>0.000000</apex-offset>
      <pin-offset>0</pin-offset>
    </geom>
    <freq>
      <center>7000000</center>
      <bandwidth>4000000</bandwidth>
    </freq>
    <limits>
      <min-line-duration>80</min-line-duration>
      <max-focus-dist>200000</max-focus-dist>
      <max-steer-angle>15000</max-steer-angle>
      <min-focus-dist-doppler>40000</min-focus-dist-doppler>
    </limits>  
    <lens>
      <speed-of-sound>953</speed-of-sound>
      <thickness>667</thickness>
    </lens>
    <matching-layer>
      <speed-of-sound-1>2160</speed-of-sound-1>
      <speed-of-sound-2>2235</speed-of-sound-2>
      <speed-of-sound-3>0</speed-of-sound-3>
      <thickness-1>85</thickness-1>
      <thickness-2>75</thickness-2>
      <thickness-3>0</thickness-3>
    </matching-layer>
  </probe>
  <probe id="20" name="PA7-4/10" type="2" enabled="1" manuf="Vermon">
    <geom>
      <elements>64</elements>
      <pitch>150</pitch>
      <radius>0</radius>
      <apex-offset>30.000000</apex-offset>
      <pin-offset>0</pin-offset>
    </geom>
    <freq>
      <center>3000000</center>
      <bandwidth>2000000</bandwidth>
    </freq>
    <limits>
      <min-line-duration>120</min-line-duration>
      <max-focus-dist>300000</max-focus-dist>
      <max-steer-angle>60000</max-steer-angle>
      <min-focus-dist-doppler>80000</min-focus-dist-doppler>
    </limits>  
  </probe>
  <probe id="21" name="C7-3/50" type="0" enabled="1" manuf="Prosonic">
    <geom>
      <elements>128</elements>
      <pitch>476</pitch>
      <radius>50420</radius>
      <apex-offset>0.000000</apex-offset>
      <pin-offset>0</pin-offset>
    </geom>
    <freq>
      <center>5000000</center>
      <bandwidth>4000000</bandwidth>
    </freq>
    <limits>
      <min-line-duration>120</min-line-duration>
      <max-focus-dist>300000</max-focus-dist>
      <max-steer-angle>15000</max-steer-angle>
      <min-focus-dist-doppler>80000</min-focus-dist-doppler>
    </limits>
    <biopsy>
      <angle>25000</angle>
      <depth>13000</depth>
      <distance>40000</distance>
      <width>12040</width>
    </biopsy>  
    <lens>
      <speed-of-sound>973</speed-of-sound>
      <thickness>1391</thickness>
    </lens>
    <matching-layer>
      <speed-of-sound-1>2466</speed-of-sound-1>
      <speed-of-sound-2>2415</speed-of-sound-2>
      <speed-of-sound-3>0</speed-of-sound-3>
      <thickness-1>130</thickness-1>
      <thickness-2>100</thickness-2>
      <thickness-3>0</thickness-3>
    </matching-layer>
  </probe>
  <probe id="22" name="SA4-2/20" type="2" enabled="1">
    <geom>
      <elements>64</elements>
      <pitch>254</pitch>
      <radius>0</radius>
      <apex-offset>31.500000</apex-offset>
      <pin-offset>0</pin-offset>
    </geom>
    <freq>
      <center>3000000</center>
      <bandwidth>2000000</bandwidth>
    </freq>
    <limits>
      <min-line-duration>120</min-line-duration>
      <max-focus-dist>300000</max-focus-dist>
      <max-steer-angle>60000</max-steer-angle>
      <min-focus-dist-doppler>80000</min-focus-dist-doppler>
    </limits>  
    <lens>
      <speed-of-sound>990</speed-of-sound>
      <thickness>965</thickness>
    </lens>
    <matching-layer>
      <speed-of-sound-1>5000</speed-of-sound-1>
      <speed-of-sound-2>2830</speed-of-sound-2>
      <speed-of-sound-3>1830</speed-of-sound-3>
      <thickness-1>391</thickness-1>
      <thickness-2>224</thickness-2>
      <thickness-3>137</thickness-3>
    </matching-layer>
  </probe>
  <probe id="23" name="PA4-2/20" type="2" enabled="1" manuf="Prosonic">
    <geom>
      <elements>64</elements>
      <pitch>300</pitch>
      <radius>0</radius>
      <apex-offset>31.500000</apex-offset>
      <pin-offset>0</pin-offset>
    </geom>
    <freq>
      <center>3000000</center>
      <bandwidth>2000000</bandwidth>
    </freq>
    <limits>
      <min-line-duration>120</min-line-duration>
      <max-focus-dist>300000</max-focus-dist>
      <max-steer-angle>60000</max-steer-angle>
      <min-focus-dist-doppler>80000</min-focus-dist-doppler>
    </limits> 
    <lens>
      <speed-of-sound>973</speed-of-sound>
      <thickness>1300</thickness>
    </lens>
    <matching-layer>
      <speed-of-sound-1>2466</speed-of-sound-1>
      <speed-of-sound-2>2235</speed-of-sound-2>
      <speed-of-sound-3>0</speed-of-sound-3>
      <thickness-1>180</thickness-1>
      <thickness-2>170</thickness-2>
      <thickness-3>0</thickness-3>
    </matching-layer>
  </probe>
  <probe id="24" name="4DEC9-5/10" type="0" enabled="1" manuf="Vermon">
    <geom>
      <elements>128</elements>
      <pitch>170</pitch>
      <radius>10000</radius>
      <apex-offset>0.000000</apex-offset>
      <pin-offset>0</pin-offset>
    </geom>
    <freq>
      <center>6000000</center>
      <bandwidth>3600000</bandwidth>
    </freq>
    <limits>
      <min-line-duration>80</min-line-duration>
      <max-focus-dist>200000</max-focus-dist>
      <max-steer-angle>15000</max-steer-angle>
      <min-focus-dist-doppler>80000</min-focus-dist-doppler>
    </limits>  
    <motor>
      <fov>90000</fov>
      <radius>12200</radius>
      <steps>246</steps>
      <home>2</home>
      <tbp>40000</tbp>
    </motor>   
  </probe>
  <probe id="25" name="ImaCor-ICU" type="2" enabled="1" manuf="Imacor">
    <geom>
      <elements>36</elements>
      <pitch>125</pitch>
      <radius>0</radius>
      <apex-offset>17.000000</apex-offset>
      <pin-offset>0</pin-offset>
    </geom>
    <freq>
      <center>6500000</center>
      <bandwidth>3500000</bandwidth>
    </freq>
    <limits>
      <min-line-duration>90</min-line-duration>
      <max-focus-dist>100000</max-focus-dist>
      <max-steer-angle>90000</max-steer-angle>
      <min-focus-dist-doppler>80000</min-focus-dist-doppler>
    </limits>    
  </probe>    
  <probe id="26" name="4DC7-3/40" type="0" enabled="1" manuf="Vermon">
    <geom>
      <elements>128</elements>
      <pitch>430</pitch>
      <radius>39800</radius>
      <apex-offset>0.000000</apex-offset>
      <pin-offset>0</pin-offset>
    </geom>
    <freq>
      <center>4500000</center>
      <bandwidth>3000000</bandwidth>
    </freq>
    <limits>
      <min-line-duration>120</min-line-duration>
      <max-focus-dist>300000</max-focus-dist>
      <max-steer-angle>15000</max-steer-angle>
      <min-focus-dist-doppler>80000</min-focus-dist-doppler>
    </limits>  
    <!-- notes: spec says that 360 degrees = 984 steps, we can move a max -->
    <motor>
	<!-- these parameters worked for the older probes, it differs from the spec of max fov of 79.043 deg
      <fov>71707</fov>
	<steps>196</steps>
	-->
      <fov>79043</fov>
      <radius>27500</radius>	
	<steps>216</steps>
      <home>2</home>
      <tbp>100000</tbp>
    </motor>   
  </probe>    
  <probe id="27" name="4DEC9-5/10" type="0" enabled="1" manuf="STI">
    <geom>
      <elements>128</elements>
      <pitch>199</pitch>
      <radius>10000</radius>
      <apex-offset>0.000000</apex-offset>
      <pin-offset>0</pin-offset>
    </geom>
    <freq>
      <center>6500000</center>
      <bandwidth>4570000</bandwidth>
    </freq>
    <limits>
      <min-line-duration>80</min-line-duration>
      <max-focus-dist>200000</max-focus-dist>
      <max-steer-angle>15000</max-steer-angle>
      <min-focus-dist-doppler>80000</min-focus-dist-doppler>
    </limits> 
    <motor>
      <fov>90000</fov>
      <radius>12000</radius>
      <steps>233</steps>
      <home>0</home>
      <tbp>40000</tbp>
    </motor>  
  </probe> 
  <probe id="33" name="PA4-2/64" type="2" enabled="0">
    <geom>
      <elements>64</elements>
      <pitch>280</pitch>
      <radius>0</radius>
      <apex-offset>31.500000</apex-offset>
      <pin-offset>0</pin-offset>
    </geom>
    <freq>
      <center>2200000</center>
      <bandwidth>1700000</bandwidth>
    </freq>
    <limits>
      <min-line-duration>120</min-line-duration>
      <max-focus-dist>300000</max-focus-dist>
      <max-steer-angle>60000</max-steer-angle>
      <min-focus-dist-doppler>80000</min-focus-dist-doppler>
    </limits>   
    <lens>
      <speed-of-sound>973</speed-of-sound>
      <thickness>1300</thickness>
    </lens>
    <matching-layer>
      <speed-of-sound-1>2466</speed-of-sound-1>
      <speed-of-sound-2>2235</speed-of-sound-2>
      <speed-of-sound-3>0</speed-of-sound-3>
      <thickness-1>180</thickness-1>
      <thickness-2>170</thickness-2>
      <thickness-3>0</thickness-3>
    </matching-layer>
  </probe>  
</probes>
